{"cameraMode":{"drawMode":0,"name":"Shaded","section":"Shading Mode"},"sceneLighting":false,"audioPlay":false,"sceneViewState":{"showFog":true,"showMaterialUpdate":true,"showSkybox":false,"showFlares":true,"showImageEffects":true,"showParticleSystems":true},"in2DMode":false,"pivot":{"x":2.384185791015625e-7,"y":0.0000035762786865234377,"z":-0.0000034570693969726564},"rotation":{"x":-0.0700194239616394,"y":-0.4709247648715973,"z":0.03746068477630615,"w":-0.8786263465881348},"size":12.404558181762696,"orthographic":true}