{"cameraMode":{"drawMode":0,"name":"Shaded","section":"Shading Mode"},"sceneLighting":false,"audioPlay":false,"sceneViewState":{"showFog":true,"showMaterialUpdate":true,"showSkybox":true,"showFlares":true,"showImageEffects":true,"showParticleSystems":true},"in2DMode":false,"pivot":{"x":-0.3869999647140503,"y":-0.24500000476837159,"z":-1.880000114440918},"rotation":{"x":-0.005991240963339806,"y":0.0014899352099746466,"z":-0.000022277050447883084,"w":-1.0000003576278687},"size":5.241460800170898,"orthographic":true}