{"cameraMode":{"drawMode":0,"name":"Shaded","section":"Shading Mode"},"sceneLighting":false,"audioPlay":false,"sceneViewState":{"showFog":true,"showMaterialUpdate":true,"showSkybox":false,"showFlares":true,"showImageEffects":true,"showParticleSystems":true},"in2DMode":false,"pivot":{"x":0.30900001525878909,"y":-0.08149999380111695,"z":0.08650000393390656},"rotation":{"x":0.04251648113131523,"y":-0.7955213785171509,"z":0.05615723133087158,"w":0.6018853783607483},"size":1.2139806747436524,"orthographic":true}